lncRNA,mature_mirna_id,clipExpNum
DIO3OS,hsa-miR-24-3p,1
NEAT1,hsa-miR-324-5p,8
NEAT1,hsa-miR-125a-5p,12
NEAT1,hsa-miR-296-5p,9
NEAT1,hsa-miR-483-3p,19
NEAT1,hsa-miR-181a-5p,32
NEAT1,hsa-miR-181b-5p,32
NEAT1,hsa-miR-4262,30
NEAT1,hsa-miR-495-3p,14
NEAT1,hsa-miR-193a-3p,13
NEAT1,hsa-miR-146a-5p,11
NEAT1,hsa-miR-320a,18
NEAT1,hsa-miR-425-5p,38
NEAT1,hsa-miR-582-3p,5
NEAT1,hsa-miR-9-5p,7
NEAT1,hsa-miR-204-5p,19
NEAT1,hsa-miR-27a-3p,19
NEAT1,hsa-miR-27b-3p,19
NEAT1,hsa-miR-433-3p,8
NEAT1,hsa-miR-124-3p,41
NEAT1,hsa-miR-506-3p,41
NEAT1,hsa-miR-524-5p,9
NEAT1,hsa-miR-23a-3p,13
NEAT1,hsa-miR-23b-3p,13
NEAT1,hsa-miR-205-5p,3
NEAT1,hsa-miR-150-5p,6
NEAT1,hsa-miR-132-3p,17
NEAT1,hsa-miR-301a-3p,16
NEAT1,hsa-miR-130a-3p,16
NEAT1,hsa-miR-130b-3p,16
NEAT1,hsa-miR-148a-3p,16
NEAT1,hsa-miR-148b-3p,16
NEAT1,hsa-miR-152-3p,16
NEAT1,hsa-miR-4295,14
NEAT1,hsa-miR-34c-5p,16
NEAT1,hsa-miR-34a-5p,16
NEAT1,hsa-miR-449a,16
NEAT1,hsa-miR-133a-3p,2
NEAT1,hsa-miR-133b,2
NEAT1,hsa-miR-199a-3p,13
NEAT1,hsa-miR-128-3p,27
NEAT1,hsa-miR-299-5p,7
NEAT1,hsa-miR-29b-3p,37
NEAT1,hsa-miR-29a-3p,37
NEAT1,hsa-miR-29c-3p,37
NEAT1,hsa-miR-200c-3p,6
NEAT1,hsa-miR-200b-3p,6
NEAT1,hsa-miR-490-3p,7
NEAT1,hsa-miR-532-5p,5
NEAT1,hsa-miR-18a-5p,9
NEAT1,hsa-miR-18b-5p,9
NEAT1,hsa-miR-224-5p,19
NEAT1,hsa-miR-10a-5p,2
NEAT1,hsa-miR-140-3p,10
NEAT1,hsa-miR-142-5p,12
NEAT1,hsa-miR-423-5p,9
NEAT1,hsa-miR-221-3p,15
NEAT1,hsa-miR-222-3p,15
NEAT1,hsa-miR-302d-3p,10
NEAT1,hsa-miR-372-3p,10
NEAT1,hsa-miR-144-5p,3
NEAT1,hsa-miR-206,29
NEAT1,hsa-miR-1-3p,29
NEAT1,hsa-miR-520g-3p,15
NEAT1,hsa-miR-182-5p,6
NEAT1,hsa-miR-129-5p,15
NEAT1,hsa-miR-122-5p,15
NEAT1,hsa-miR-144-3p,15
NEAT1,hsa-miR-491-5p,9
NEAT1,hsa-miR-30c-5p,14
NEAT1,hsa-miR-30b-5p,14
NEAT1,hsa-miR-30a-5p,14
NEAT1,hsa-miR-30d-5p,14
NEAT1,hsa-miR-141-3p,3
NEAT1,hsa-miR-125b-5p,3
NEAT1,hsa-miR-217,5
NEAT1,hsa-miR-101-3p,5
NEAT1,hsa-miR-326,11
NEAT1,hsa-miR-218-5p,4
NEAT1,hsa-miR-196a-5p,9
NEAT1,hsa-miR-196b-5p,9
NEAT1,hsa-let-7g-5p,17
NEAT1,hsa-let-7a-5p,17
NEAT1,hsa-let-7b-5p,17
NEAT1,hsa-let-7e-5p,17
NEAT1,hsa-let-7f-5p,18
NEAT1,hsa-let-7d-5p,17
NEAT1,hsa-miR-98-5p,18
NEAT1,hsa-let-7i-5p,17
NEAT1,hsa-miR-708-5p,16
NEAT1,hsa-miR-28-5p,16
NEAT1,hsa-miR-486-5p,9
NEAT1,hsa-miR-26b-5p,4
NEAT1,hsa-miR-26a-5p,4
NEAT1,hsa-miR-214-3p,8
NEAT1,hsa-miR-338-3p,9
NEAT1,hsa-miR-185-5p,17
NEAT1,hsa-miR-24-3p,9
NEAT1,hsa-miR-17-5p,6
NEAT1,hsa-miR-20a-5p,6
NEAT1,hsa-miR-106a-5p,6
NEAT1,hsa-miR-20b-5p,6
NEAT1,hsa-miR-106b-5p,6
NEAT1,hsa-miR-519d-3p,6
NEAT1,hsa-miR-138-5p,5
NEAT1,hsa-miR-195-5p,27
NEAT1,hsa-miR-19a-3p,8
NEAT1,hsa-miR-19b-3p,8
NEAT1,hsa-miR-134-5p,6
NEAT1,hsa-miR-758-3p,3
NEAT1,hsa-miR-22-3p,3
NEAT1,hsa-miR-183-5p,5
DLGAP1-AS1,hsa-miR-425-5p,1
DLGAP1-AS1,hsa-miR-138-5p,1
NR2F2-AS1,hsa-miR-320a,10
NR2F2-AS1,hsa-miR-18a-5p,1
NR2F2-AS1,hsa-miR-18b-5p,1
NR2F2-AS1,hsa-miR-23a-3p,1
NR2F2-AS1,hsa-miR-23b-3p,1
NR2F2-AS1,hsa-miR-19a-3p,1
NR2F2-AS1,hsa-miR-19b-3p,1
LINC01915,hsa-miR-25-3p,1
LINC01915,hsa-miR-92a-3p,1
LINC01915,hsa-miR-92b-3p,1
MSC-AS1,hsa-miR-302d-3p,1
MSC-AS1,hsa-miR-372-3p,1
CASC15,hsa-miR-214-3p,1
CASC15,hsa-miR-148a-3p,2
CASC15,hsa-miR-148b-3p,2
CASC15,hsa-miR-152-3p,2
GAS6-AS1,hsa-miR-483-3p,1
GAS6-AS1,hsa-miR-708-5p,1
GAS6-AS1,hsa-miR-28-5p,1
GAS6-AS1,hsa-miR-148a-3p,1
GAS6-AS1,hsa-miR-148b-3p,1
GAS6-AS1,hsa-miR-152-3p,1
GAS6-AS1,hsa-miR-326,1
GAS6-AS1,hsa-miR-19a-3p,1
GAS6-AS1,hsa-miR-19b-3p,1
GAS6-AS1,hsa-miR-30c-5p,1
GAS6-AS1,hsa-miR-30b-5p,1
GAS6-AS1,hsa-miR-30a-5p,1
GAS6-AS1,hsa-miR-30d-5p,1
LINC01013,hsa-miR-199a-5p,1
PURPL,hsa-miR-29a-3p,1
PURPL,hsa-miR-29c-3p,1
PURPL,hsa-miR-29b-3p,1
PURPL,hsa-miR-221-3p,1
PURPL,hsa-miR-222-3p,1
PURPL,hsa-miR-199a-5p,2
PURPL,hsa-miR-708-5p,2
PURPL,hsa-miR-28-5p,2
PURPL,hsa-miR-25-3p,4
PURPL,hsa-miR-92a-3p,4
PURPL,hsa-miR-92b-3p,4
